animal_project_code,station_name,latitude,longitude,habitat_type,habitat_type2,habitat_type3
2004_gudena,GUD1,56.38230254,9.897962798,freshwater,freshwater,freshwater
2004_gudena,GUD2,56.38312088,9.901577397,freshwater,freshwater,freshwater
2004_gudena,RAN1,56.45735379,10.01770257,tidal_brackish,tidal_brackish,tidal
2004_gudena,RAN2,56.45552792,10.03316608,tidal_brackish,tidal_brackish,tidal
2004_gudena,UGEL2,56.47968471,10.21517113,tidal_brackish,tidal_brackish,tidal
2004_gudena,UGEL1,56.48324094,10.2181103,tidal_brackish,tidal_brackish,tidal
2004_gudena,UDBY2,56.60980547,10.30384199,tidal_brackish,tidal_brackish,tidal
2004_gudena,UDBY1,56.60799107,10.29949461,tidal_brackish,tidal_brackish,tidal
2004_gudena,KATNORD,56.61897787,10.35937256,tidal_brackish,tidal_brackish,tidal
2004_gudena,rel_gudena,56.364919,9.900337,freshwater,freshwater,freshwater
semp,Rusne-4,55.233365,21.440105,freshwater,freshwater,freshwater
semp,Rusne-3,55.249009,21.433182,freshwater,freshwater,freshwater
semp,Rusne-1,55.254931,21.426594,freshwater,freshwater,freshwater
semp,Rusne-2,55.270805,21.410735,freshwater,freshwater,freshwater
semp,klaipeda-3,55.695975,21.12433,tidal_brackish,tidal_brackish,tidal
semp,above-kaunas-3,54.873063,23.999205,freshwater,freshwater,freshwater
semp,above-kaunas-2,54.874228,24.001093,freshwater,freshwater,freshwater
semp,above-kaunas-4,54.873579,23.999337,freshwater,freshwater,freshwater
semp,above-kaunas-1,54.874171,24.001707,freshwater,freshwater,freshwater
semp,below-kaunas-3,54.875486,24.000087,freshwater,freshwater,freshwater
semp,below-kaunas-4,54.876396,23.999052,freshwater,freshwater,freshwater
semp,klaipeda-4,55.720791,21.101353,tidal_brackish,tidal_brackish,tidal
semp,klaipeda-1,55.718779,21.104573,tidal_brackish,tidal_brackish,tidal
semp,klaipeda-2,55.727228,21.081867,tidal_brackish,tidal_brackish,tidal
semp,below-kaunas-2,54.874708,23.999465,freshwater,freshwater,freshwater
semp,below-kaunas-1,54.874708,23.999465,freshwater,freshwater,freshwater
semp,rel_semp2,55.292887,24.896493,freshwater,freshwater,freshwater
semp,rel_semp1,55.252724,25.99083,freshwater,freshwater,freshwater
semp,rel_semp6,54.994366,25.802195,freshwater,freshwater,freshwater
semp,rel_semp4,55.643545,25.577403,freshwater,freshwater,freshwater
semp,rel_semp5,54.760719,25.354126,freshwater,freshwater,freshwater
semp,rel_semp7,54.874169,24.001905,freshwater,freshwater,freshwater
semp,rel_semp3,54.93961,25.659288,freshwater,freshwater,freshwater
mondego,R1,40.283,-8.266,freshwater,freshwater,freshwater
mondego,R2,40.208,-8.434,freshwater,freshwater,freshwater
mondego,R3,40.214,-8.438,freshwater,freshwater,freshwater
mondego,R7,40.145,-8.842,tidal_brackish,tidal_brackish,tidal
mondego,R8,40.145372,-8.873039,tidal_brackish,tidal_brackish,tidal
mondego,R4,40.185,-8.615,tidal_freshwater,freshwater,tidal
mondego,R5,40.145,-8.836,tidal_brackish,tidal_brackish,tidal
mondego,R6,40.146,-8.839,tidal_brackish,tidal_brackish,tidal
mondego,rel_mondego,40.295,-8.257,freshwater,freshwater,freshwater
2014_frome,F1,50.681696,-2.21012,freshwater,freshwater,freshwater
2014_frome,F2,50.681468,-2.208596,freshwater,freshwater,freshwater
2014_frome,F6,50.680533,-2.190656,freshwater,freshwater,freshwater
2014_frome,F7,50.683685,-2.108733,tidal_brackish,tidal_brackish,tidal
2014_frome,F8,50.690398,-2.084783,tidal_brackish,tidal_brackish,tidal
2014_frome,F5,50.681025,-2.205823,freshwater,freshwater,freshwater
2014_frome,F3,50.681611,-2.208389,freshwater,freshwater,freshwater
2014_frome,F4,50.681569,-2.207811,freshwater,freshwater,freshwater
2014_frome,rel_frome,50.688068,-2.257873,freshwater,freshwater,freshwater
2011_warnow,W3,54.060699,12.176556,freshwater,freshwater,freshwater
2011_warnow,W2,53.907762,12.097327,freshwater,freshwater,freshwater
2011_warnow,W4,54.064165,12.170736,freshwater,freshwater,freshwater
2011_warnow,W5,54.087401,12.152663,tidal_brackish,tidal_brackish,tidal
2011_warnow,W6,54.088916,12.153292,tidal_brackish,tidal_brackish,tidal
2011_warnow,W7,54.179375,12.092659,tidal_brackish,tidal_brackish,tidal
2011_warnow,W8,54.179721,12.094696,tidal_brackish,tidal_brackish,tidal
2011_warnow,W1,53.876562,12.026788,freshwater,freshwater,freshwater
2011_warnow,rel_warnow,53.887894,12.05743,freshwater,freshwater,freshwater
emmn,59,69.972376,23.398833,tidal_brackish,tidal_brackish,tidal
emmn,45,70.021667,23.343333,tidal_brackish,tidal_brackish,tidal
emmn,44,70.019167,23.339667,tidal_brackish,tidal_brackish,tidal
emmn,43,70.0165,23.337333,tidal_brackish,tidal_brackish,tidal
emmn,28,70.085,23.0525,tidal_brackish,tidal_brackish,tidal
emmn,29,70.084833,23.0635,tidal_brackish,tidal_brackish,tidal
emmn,26,70.085,23.0425,tidal_brackish,tidal_brackish,tidal
emmn,30,70.084333,23.071167,tidal_brackish,tidal_brackish,tidal
emmn,21,70.215,23.173167,tidal_brackish,tidal_brackish,tidal
emmn,42,70.012667,23.3305,tidal_brackish,tidal_brackish,tidal
emmn,31,70.084833,23.084667,tidal_brackish,tidal_brackish,tidal
emmn,9,70.201667,23.049667,tidal_brackish,tidal_brackish,tidal
emmn,8,70.201,23.038667,tidal_brackish,tidal_brackish,tidal
emmn,10,70.202833,23.060167,tidal_brackish,tidal_brackish,tidal
emmn,38,70.000167,23.310167,tidal_brackish,tidal_brackish,tidal
emmn,36,69.993667,23.300167,tidal_brackish,tidal_brackish,tidal
emmn,11,70.203667,23.070167,tidal_brackish,tidal_brackish,tidal
emmn,12,70.204833,23.080333,tidal_brackish,tidal_brackish,tidal
emmn,40,70.006333,23.319167,tidal_brackish,tidal_brackish,tidal
emmn,7,70.199667,23.028833,tidal_brackish,tidal_brackish,tidal
emmn,41,70.009667,23.324833,tidal_brackish,tidal_brackish,tidal
emmn,13,70.205667,23.090167,tidal_brackish,tidal_brackish,tidal
emmn,39,70.003333,23.315,tidal_brackish,tidal_brackish,tidal
emmn,5,70.1975,23.009167,tidal_brackish,tidal_brackish,tidal
emmn,27,70.0845,23.032167,tidal_brackish,tidal_brackish,tidal
emmn,25,70.085,23.021833,tidal_brackish,tidal_brackish,tidal
emmn,24,70.085167,23.010833,tidal_brackish,tidal_brackish,tidal
emmn,3,70.195333,22.987167,tidal_brackish,tidal_brackish,tidal
emmn,14,70.206667,23.100167,tidal_brackish,tidal_brackish,tidal
emmn,15,70.207667,23.110333,tidal_brackish,tidal_brackish,tidal
emmn,35,70.085333,23.126467,tidal_brackish,tidal_brackish,tidal
emmn,23,70.0849,23.0015,tidal_brackish,tidal_brackish,tidal
emmn,17,70.209833,23.131167,tidal_brackish,tidal_brackish,tidal
emmn,18,70.210833,23.140667,tidal_brackish,tidal_brackish,tidal
emmn,20,70.213167,23.161,tidal_brackish,tidal_brackish,tidal
emmn,rel_emmn1,69.95785,23.344467,freshwater,freshwater,freshwater
emmn,rel_emmn2,69.968117,23.376517,freshwater,freshwater,freshwater
2014_nene,Nene1,52.501359,-0.457504,freshwater,freshwater,freshwater
2014_nene,Nene2,52.5181,-0.462327,freshwater,freshwater,freshwater
2014_nene,Nene3,52.520948,-0.459427,freshwater,freshwater,freshwater
2014_nene,Nene6,52.512671,-0.422816,freshwater,freshwater,freshwater
2014_nene,Nene7,52.516966,-0.41662,freshwater,freshwater,freshwater
2014_nene,Nene8,52.532269,-0.405248,freshwater,freshwater,freshwater
2014_nene,Nene10,52.562164,-0.416704,freshwater,freshwater,freshwater
2014_nene,Nene15,52.582893,-0.408341,freshwater,freshwater,freshwater
2014_nene,Nene16,52.582893,-0.408341,freshwater,freshwater,freshwater
2014_nene,Nene17,52.56297,-0.364242,freshwater,freshwater,freshwater
2014_nene,Nene19,52.558471,-0.341352,freshwater,freshwater,freshwater
2014_nene,Nene27,52.576516,-0.125599,freshwater,freshwater,freshwater
2014_nene,Nene28,52.576795,-0.123919,tidal_freshwater,tidal_freshwater,tidal
2014_nene,Nene29,52.611081,0.066577,tidal_freshwater,tidal_freshwater,tidal
2014_nene,Nene30,52.807336,0.213339,tidal_brackish,tidal_brackish,tidal
2014_nene,Nene4,52.516491,-0.458905,freshwater,freshwater,freshwater
2014_nene,Nene5,52.516092,-0.421161,freshwater,freshwater,freshwater
2014_nene,Nene20,52.553619,-0.337051,freshwater,freshwater,freshwater
2014_nene,Nene23,52.553031,-0.33489,freshwater,freshwater,freshwater
2014_nene,Nene24,52.552154,-0.332637,freshwater,freshwater,freshwater
2014_nene,Nene25,52.56006,-0.282503,freshwater,freshwater,freshwater
2014_nene,Nene26,52.560515,-0.281025,freshwater,freshwater,freshwater
2014_nene,Nene22,52.552793,-0.33397,freshwater,freshwater,freshwater
2014_nene,Nene13,52.571406,-0.415309,freshwater,freshwater,freshwater
2014_nene,Nene9,52.532899,-0.404621,freshwater,freshwater,freshwater
2014_nene,Nene11,52.559161,-0.414673,freshwater,freshwater,freshwater
2014_nene,rel_nene,52.501614,-0.457053,freshwater,freshwater,freshwater
noordzeekanaal,Koog ad Zaan,52.463171,4.812326,freshwater,freshwater,freshwater
noordzeekanaal,Zaangemaal 1,52.440868,4.824139,freshwater,freshwater,freshwater
noordzeekanaal,Zaangemaal 2,52.440083,4.824859,freshwater,freshwater,freshwater
noordzeekanaal,Zaangemaal 3,52.437818,4.826197,freshwater,freshwater,freshwater
noordzeekanaal,Noordzeekanaal,52.462798,4.633995,freshwater,freshwater,freshwater
noordzeekanaal,Grote sluis NZK,52.467488,4.613347,freshwater,freshwater,freshwater
noordzeekanaal,Middensluis NZK,52.465373,4.601803,freshwater,freshwater,freshwater
noordzeekanaal,Kleine sluis NZK,52.464559,4.592909,freshwater,freshwater,freshwater
noordzeekanaal,Grote sluis Noordzee,52.466907,4.600546,marine_barrier,freshwater,freshwater
noordzeekanaal,Spuisluis Noordzee,52.470319,4.594701,marine_barrier,freshwater,freshwater
noordzeekanaal,Willem 2 sluis 2,52.383677,4.907053,freshwater,freshwater,freshwater
noordzeekanaal,Oranjesluis,52.380016,4.955998,freshwater,freshwater,freshwater
noordzeekanaal,ARK Noord,52.355706,4.97029,freshwater,freshwater,freshwater
noordzeekanaal,Kleine sluis Noordzee,52.463762,4.587267,marine_barrier,freshwater,freshwater
noordzeekanaal,bpns-Kilmore,51.3955,2.4965,marine,marine,marine
noordzeekanaal,Overtoom 1,52.430117,4.784283,freshwater,freshwater,freshwater
noordzeekanaal,Spuisluis NZK,52.470646,4.607811,freshwater,freshwater,freshwater
noordzeekanaal,Middensluis Noordzee,52.465373,4.592419,marine_barrier,freshwater,freshwater
noordzeekanaal,Kadoelen 5,52.411317,4.9304,freshwater,freshwater,freshwater
noordzeekanaal,Kadoelen 2,52.417517,4.913867,freshwater,freshwater,freshwater
noordzeekanaal,Kadoelen 3,52.41495,4.918467,freshwater,freshwater,freshwater
noordzeekanaal,Kadoelen 4,52.415583,4.92355,freshwater,freshwater,freshwater
noordzeekanaal,Kadoelen 1,52.408503,4.908567,freshwater,freshwater,freshwater
noordzeekanaal,De Poel,52.443433,5.047922,freshwater,freshwater,freshwater
noordzeekanaal,bpns-WK14,51.3685,3.262,marine,marine,marine
noordzeekanaal,bpns-Whitley,51.15116667,2.660333333,marine,marine,marine
noordzeekanaal,Overtoom 3,52.4312,4.784414,freshwater,freshwater,freshwater
noordzeekanaal,Overtoom 2,52.430802,4.783545,freshwater,freshwater,freshwater
noordzeekanaal,bpns-O6,51.243106,2.917725,marine,marine,marine
noordzeekanaal,Spaarne gemaal,52.410548,4.673446,freshwater,freshwater,freshwater
noordzeekanaal,Spaarne sluis,52.412068,4.680792,freshwater,freshwater,freshwater
noordzeekanaal,Spaarndam,52.413517,4.67765,freshwater,freshwater,freshwater
noordzeekanaal,Cruquius,52.338227,4.63522,freshwater,freshwater,freshwater
noordzeekanaal,Zijkanaal C kom,52.416501,4.678964,freshwater,freshwater,freshwater
noordzeekanaal,Halfweg boezemzijde,52.391732,4.770434,freshwater,freshwater,freshwater
noordzeekanaal,Halfweg NZKzijde,52.394583,4.772506,freshwater,freshwater,freshwater
noordzeekanaal,Boezem Spaarne,52.41308,4.674668,freshwater,freshwater,freshwater
noordzeekanaal,Zwanenburg,52.369568,4.758351,freshwater,freshwater,freshwater
noordzeekanaal,bpns-WENDUINEBANKW,51.287167,2.879166667,marine,marine,marine
noordzeekanaal,PC4C-C05-2,51.667924,2.801819,marine,marine,marine
noordzeekanaal,Katwijk 2,52.207545,4.407171,freshwater,freshwater,freshwater
noordzeekanaal,Katwijk 1,52.210324,4.401197,freshwater,freshwater,freshwater
noordzeekanaal,Katwijk 3,52.199717,4.426933,freshwater,freshwater,freshwater
noordzeekanaal,ws-W6,51.41834,3.453181,tidal_brackish,tidal_brackish,tidal
noordzeekanaal,ws-W7,51.410173,3.454515,tidal_brackish,tidal_brackish,tidal
noordzeekanaal,bpns-Trapegeer,51.14033333,2.573,marine,marine,marine
noordzeekanaal,bpns-W1,51.391333,3.303666667,marine,marine,marine
noordzeekanaal,Vinkeveen gemaal,52.220129,4.973093,freshwater,freshwater,freshwater
noordzeekanaal,Vinkeveen sluis,52.220603,4.972182,freshwater,freshwater,freshwater
noordzeekanaal,ARK Zuid,52.185058,4.996343,freshwater,freshwater,freshwater
noordzeekanaal,Berlagerbrug,52.346957,4.912993,freshwater,freshwater,freshwater
noordzeekanaal,Loosdrecht2a sluis,52.243116,5.048159,freshwater,freshwater,freshwater
noordzeekanaal,Loosdracht 2b gemaal,52.242178,5.047687,freshwater,freshwater,freshwater
noordzeekanaal,Loosdrecht 1,52.231981,5.032877,freshwater,freshwater,freshwater
noordzeekanaal,Loosdrecht 3,52.256101,5.043167,freshwater,freshwater,freshwater
noordzeekanaal,Muiden,52.32631,5.064354,freshwater,freshwater,freshwater
noordzeekanaal,ws-DL12,51.466175,3.502181,tidal_brackish,tidal_brackish,tidal
noordzeekanaal,ws-OGDL,51.46395,3.51263,tidal_brackish,tidal_brackish,tidal
noordzeekanaal,ws-TRAWL,51.437785,3.470347,tidal_brackish,tidal_brackish,tidal
noordzeekanaal,Lelystad,52.532761,5.433627,freshwater,freshwater,freshwater
noordzeekanaal,Enkhuizen,52.702266,5.298687,freshwater,freshwater,freshwater
noordzeekanaal,bpns-nieuwpoortbank,51.1695,2.6015,marine,marine,marine
noordzeekanaal,bpns-WK12,51.461167,3.107,marine,marine,marine
noordzeekanaal,ws-STEEN,51.403409,3.465898,tidal_brackish,tidal_brackish,tidal
noordzeekanaal,rel_noordzeekanaal10,52.219452,4.96083,freshwater,freshwater,freshwater
noordzeekanaal,rel_noordzeekanaal11,52.220457,4.973436,freshwater,freshwater,freshwater
noordzeekanaal,rel_noordzeekanaal5,52.442922,4.789876,freshwater,freshwater,freshwater
noordzeekanaal,rel_noordzeekanaal6,52.397264,4.677708,freshwater,freshwater,freshwater
noordzeekanaal,rel_noordzeekanaal12,52.236496,5.058484,freshwater,freshwater,freshwater
noordzeekanaal,rel_noordzeekanaal13,52.244517,5.047218,freshwater,freshwater,freshwater
noordzeekanaal,rel_noordzeekanaal2,52.409056,4.927359,freshwater,freshwater,freshwater
noordzeekanaal,rel_noordzeekanaal3,52.411463,4.911775,freshwater,freshwater,freshwater
noordzeekanaal,rel_noordzeekanaal7,52.385734,4.749574,freshwater,freshwater,freshwater
noordzeekanaal,rel_noordzeekanaal1,52.452208,4.678779,freshwater,freshwater,freshwater
noordzeekanaal,rel_noordzeekanaal8,52.204831,4.400155,freshwater,freshwater,freshwater
noordzeekanaal,rel_noordzeekanaal14,52.470893,4.820397,freshwater,freshwater,freshwater
noordzeekanaal,rel_noordzeekanaal15,52.451725,4.818485,freshwater,freshwater,freshwater
noordzeekanaal,rel_noordzeekanaal9,52.205318,4.403105,freshwater,freshwater,freshwater
noordzeekanaal,rel_noordzeekanaal4,52.416521,4.913081,freshwater,freshwater,freshwater
noordzeekanaal,rel_noordzeekanaal16,52.434968,5.090042,freshwater,freshwater,freshwater
noordzeekanaal,rel_noordzeekanaal17,52.641481,5.20226,freshwater,freshwater,freshwater
esgl,C8,47.1198,-1.68606,freshwater,freshwater,freshwater
esgl,C7,47.1224,-1.68732,freshwater,freshwater,freshwater
esgl,C9,47.1302,-1.69086,freshwater,freshwater,freshwater
esgl,AM2,47.1319,-1.69705,freshwater,freshwater,freshwater
esgl,AM3,47.1323,-1.69441,freshwater,freshwater,freshwater
esgl,C3,47.126098,-1.679072,freshwater,freshwater,freshwater
esgl,C2,47.1246,-1.67109,freshwater,freshwater,freshwater
esgl,C1,47.1237,-1.67011,freshwater,freshwater,freshwater
esgl,AM1,47.1324,-1.69796,freshwater,freshwater,freshwater
esgl,AV1,47.1336,-1.70623,freshwater,freshwater,freshwater
esgl,AV2,47.133,-1.70816,freshwater,freshwater,freshwater
esgl,AV3,47.1319,-1.7121,freshwater,freshwater,freshwater
esgl,B1,47.21,-1.82689,freshwater,freshwater,freshwater
esgl,B2,47.2074,-1.82838,freshwater,freshwater,freshwater
esgl,BB,47.214025,-1.82403,tidal_brackish,tidal_brackish,tidal
esgl,CN,47.237895,-1.870765,freshwater,freshwater,freshwater
esgl,CA,47.267842,-1.94744,freshwater,freshwater,freshwater
esgl,ECA,47.26858029,-1.94856907,tidal_brackish,tidal_brackish,tidal
esgl,C,47.293933,-2.016633,tidal_brackish,tidal_brackish,tidal
esgl,A,47.288033,-1.9939,tidal_brackish,tidal_brackish,tidal
esgl,C13,47.1237,-1.69873,freshwater,freshwater,freshwater
esgl,BOX0,47.0924,-1.65511,freshwater,freshwater,freshwater
esgl,C15,47.1306,-1.69511,freshwater,freshwater,freshwater
esgl,C12,47.1307,-1.69285,freshwater,freshwater,freshwater
esgl,C11,47.1278,-1.69436,freshwater,freshwater,freshwater
esgl,C10,47.126,-1.69522,freshwater,freshwater,freshwater
esgl,Ebis,47.29574,-2.0458,tidal_brackish,tidal_brackish,tidal
esgl,I,47.18043,-2.3844,tidal_brackish,tidal_brackish,tidal
esgl,D,47.1768,-2.1668,tidal_brackish,tidal_brackish,tidal
esgl,C14,47.1247,-1.69815,freshwater,freshwater,freshwater
esgl,EBB1,47.2151,-1.82219,tidal_brackish,tidal_brackish,tidal
esgl,EBB2,47.215933,-1.821258,tidal_brackish,tidal_brackish,tidal
esgl,C6,47.1301,-1.682038,freshwater,freshwater,freshwater
esgl,C5,47.1301,-1.68204,freshwater,freshwater,freshwater
esgl,C4,47.12882688,-1.68036023,freshwater,freshwater,freshwater
esgl,MA,47.2078,-1.78561,freshwater,freshwater,freshwater
esgl,EMA,47.2084,-1.78287,tidal_brackish,tidal_brackish,tidal
esgl,rel_esgl,47.0924,-1.65511,freshwater,freshwater,freshwater
dak_superpolder,Suderpolder-1,53.165585,5.552393,freshwater,freshwater,freshwater
dak_superpolder,Suderpolder-2,53.165045,5.552381,freshwater,freshwater,freshwater
dak_superpolder,Suderpolder-5,53.178774,5.539683,freshwater,freshwater,freshwater
dak_superpolder,Suderpolder-6,53.179885,5.425022,freshwater,freshwater,freshwater
dak_superpolder,Suderpolder-4,53.158767,5.508119,freshwater,freshwater,freshwater
dak_superpolder,Suderpolder-3,53.158511,5.508834,freshwater,freshwater,freshwater
dak_superpolder,Suderpolder-7,53.175467,5.409132,marine_barrier,freshwater,freshwater
dak_superpolder,rel_suderpolder2,53.15667,5.505508,freshwater,freshwater,freshwater
dak_superpolder,rel_suderpolder3,53.165164,5.552409,freshwater,freshwater,freshwater
dak_superpolder,rel_suderpolder1,53.16028,5.535724,freshwater,freshwater,freshwater
dak_markiezaatsmeer,Markiezaat-5,51.483798,4.228604,freshwater,freshwater,freshwater
dak_markiezaatsmeer,Markiezaat-7,51.509707,4.176225,freshwater,freshwater,freshwater
dak_markiezaatsmeer,Markiezaat-6,51.513097,4.218352,freshwater,freshwater,freshwater
dak_markiezaatsmeer,Markiezaat-3,51.45897,4.229676,freshwater,freshwater,freshwater
dak_markiezaatsmeer,Markiezaat-4,51.462835,4.225819,freshwater,freshwater,freshwater
dak_markiezaatsmeer,Markiezaat-1,51.40197,4.235801,freshwater,freshwater,freshwater
dak_markiezaatsmeer,s-12,51.30305,4.28731,tidal_brackish,tidal_brackish,tidal
dak_markiezaatsmeer,s-11,51.29646,4.2857,tidal_brackish,tidal_brackish,tidal
dak_markiezaatsmeer,ak-41,51.239128,4.397469,tidal_brackish,tidal_brackish,tidal
dak_markiezaatsmeer,s-10a,51.235423,4.396673,tidal_brackish,tidal_brackish,tidal
dak_markiezaatsmeer,ws-55,51.40221,4.02998,tidal_brackish,tidal_brackish,tidal
dak_markiezaatsmeer,ws-18,51.3482621,3.8147323,tidal_brackish,tidal_brackish,tidal
dak_markiezaatsmeer,ws-2C,51.4169613,3.7188079,tidal_brackish,tidal_brackish,tidal
dak_markiezaatsmeer,ws-53,51.41651283,4.027360624,tidal_brackish,tidal_brackish,tidal
dak_markiezaatsmeer,bpns-middelkerkebank,51.3033,2.7125,marine,marine,marine
dak_markiezaatsmeer,ws-42A,51.42251303,4.032860596,tidal_brackish,tidal_brackish,tidal
dak_markiezaatsmeer,bpns-Nauticaena,51.30056,2.869061,marine,marine,marine
dak_markiezaatsmeer,Markiezaat-8,51.511428,4.170344,tidal_brackish,tidal_brackish,tidal
dak_markiezaatsmeer,ws-W6,51.41834,3.453181,tidal_brackish,tidal_brackish,tidal
dak_markiezaatsmeer,ws-16,51.3544901,3.795027,tidal_brackish,tidal_brackish,tidal
dak_markiezaatsmeer,ws-14,51.3601518,3.7798113,tidal_brackish,tidal_brackish,tidal
dak_markiezaatsmeer,ws-12A,51.3648799,3.765539,tidal_brackish,tidal_brackish,tidal
dak_markiezaatsmeer,ws-6,51.3913098,3.7161726,tidal_brackish,tidal_brackish,tidal
dak_markiezaatsmeer,ws-11,51.41163,3.70746,tidal_brackish,tidal_brackish,tidal
dak_markiezaatsmeer,ws-4,51.3970414,3.7153436,tidal_brackish,tidal_brackish,tidal
dak_markiezaatsmeer,ws-PVTSS,51.4018055,3.7089134,tidal_brackish,tidal_brackish,tidal
dak_markiezaatsmeer,Markiezaat-2,51.438485,4.234839,freshwater,freshwater,freshwater
dak_markiezaatsmeer,ws-F42,51.42786,4.03246,tidal_brackish,tidal_brackish,tidal
dak_markiezaatsmeer,ws-53A,51.411167,4.029233,tidal_brackish,tidal_brackish,tidal
dak_markiezaatsmeer,bpns-G-88,51.46078,3.052711,marine,marine,marine
dak_markiezaatsmeer,ws-borssele,51.43161667,3.704916667,tidal_brackish,tidal_brackish,tidal
dak_markiezaatsmeer,bpns-nieuwpoortbank,51.1695,2.6015,marine,marine,marine
dak_markiezaatsmeer,s-STD3,51.330504,4.270161,tidal_brackish,tidal_brackish,tidal
dak_markiezaatsmeer,ws-DL7,51.471342,3.475013,tidal_brackish,tidal_brackish,tidal
dak_markiezaatsmeer,ws-25A,51.352186,3.781008,tidal_brackish,tidal_brackish,tidal
dak_markiezaatsmeer,ws-A1,51.3724995,3.7229828,tidal_brackish,tidal_brackish,tidal
dak_markiezaatsmeer,ws-A3,51.3655375,3.734487,tidal_brackish,tidal_brackish,tidal
dak_markiezaatsmeer,ws-15A,51.3805457,3.717259,tidal_brackish,tidal_brackish,tidal
dak_markiezaatsmeer,ws-15,51.386465,3.7080085,tidal_brackish,tidal_brackish,tidal
dak_markiezaatsmeer,rel_markiezaat,51.485749,4.231882,freshwater,freshwater,freshwater
2019_grotenete,gn-14,51.138267,4.996319,freshwater,freshwater,freshwater
2019_grotenete,gn-13,51.119771,4.990306,freshwater,freshwater,freshwater
2019_grotenete,gn-11,51.09592,4.957142,freshwater,freshwater,freshwater
2019_grotenete,gn-10,51.091558,4.945793,freshwater,freshwater,freshwater
2019_grotenete,gn-9,51.081153,4.913762,freshwater,freshwater,freshwater
2019_grotenete,gn-7,51.061848,4.787587,freshwater,freshwater,freshwater
2019_grotenete,gn-6,51.078636,4.757592,freshwater,freshwater,freshwater
2019_grotenete,gn-5,51.125942,4.718199,tidal_freshwater,tidal_freshwater,tidal
2019_grotenete,gn-4,51.135075,4.664932,tidal_freshwater,tidal_freshwater,tidal
2019_grotenete,gn-3,51.130352,4.617316,tidal_freshwater,tidal_freshwater,tidal
2019_grotenete,gn-2,51.135829,4.5937,tidal_freshwater,tidal_freshwater,tidal
2019_grotenete,gn-1,51.133464,4.588822,tidal_freshwater,tidal_freshwater,tidal
2019_grotenete,bn-3,51.126391,4.571903,tidal_freshwater,tidal_freshwater,tidal
2019_grotenete,bn-2,51.117416,4.549158,tidal_freshwater,tidal_freshwater,tidal
2019_grotenete,bn-1,51.093001,4.506837,tidal_freshwater,tidal_freshwater,tidal
2019_grotenete,bn-Walem,51.07183,4.45474,tidal_freshwater,tidal_freshwater,tidal
2019_grotenete,ru-1,51.082273,4.366215,tidal_freshwater,tidal_freshwater,tidal
2019_grotenete,me-7-2b,51.1008,4.330483,tidal_freshwater,tidal_freshwater,tidal
2019_grotenete,s-9a,51.19068,4.33602,tidal_brackish,tidal_brackish,tidal
2019_grotenete,s-10a,51.235423,4.396673,tidal_brackish,tidal_brackish,tidal
2019_grotenete,ak-41,51.239128,4.397469,tidal_brackish,tidal_brackish,tidal
2019_grotenete,s-12,51.30305,4.28731,tidal_brackish,tidal_brackish,tidal
2019_grotenete,ws-53A,51.411167,4.029233,tidal_brackish,tidal_brackish,tidal
2019_grotenete,ws-borssele,51.43161667,3.704916667,tidal_brackish,tidal_brackish,tidal
2019_grotenete,ws-WN2,51.428174,3.462181,tidal_brackish,tidal_brackish,tidal
2019_grotenete,s-8,51.14319,4.33078,tidal_brackish,tidal_brackish,tidal
2019_grotenete,s-8a,51.14222,4.32646,tidal_brackish,tidal_brackish,tidal
2019_grotenete,s-9,51.19069,4.32954,tidal_brackish,tidal_brackish,tidal
2019_grotenete,s-STD3,51.330504,4.270161,tidal_brackish,tidal_brackish,tidal
2019_grotenete,ws-42A,51.42251303,4.032860596,tidal_brackish,tidal_brackish,tidal
2019_grotenete,ws-HW6,51.43484,4.02702,tidal_brackish,tidal_brackish,tidal
2019_grotenete,ws-18,51.3482621,3.8147323,tidal_brackish,tidal_brackish,tidal
2019_grotenete,ws-16,51.3544901,3.795027,tidal_brackish,tidal_brackish,tidal
2019_grotenete,ws-12A,51.3648799,3.765539,tidal_brackish,tidal_brackish,tidal
2019_grotenete,ws-15,51.386465,3.7080085,tidal_brackish,tidal_brackish,tidal
2019_grotenete,ws-6,51.3913098,3.7161726,tidal_brackish,tidal_brackish,tidal
2019_grotenete,s-7,51.11414,4.24123,tidal_freshwater,tidal_freshwater,tidal
2019_grotenete,s-6,51.12267069,4.21890556,tidal_freshwater,tidal_freshwater,tidal
2019_grotenete,ws-55,51.40221,4.02998,tidal_brackish,tidal_brackish,tidal
2019_grotenete,ws-13,51.4071859,3.7080883,tidal_brackish,tidal_brackish,tidal
2019_grotenete,s-11,51.29646,4.2857,tidal_brackish,tidal_brackish,tidal
2019_grotenete,ws-PVTSS,51.4018055,3.7089134,tidal_brackish,tidal_brackish,tidal
2019_grotenete,ws-4,51.3970414,3.7153436,tidal_brackish,tidal_brackish,tidal
2019_grotenete,bpns-WZ,51.376167,3.178666667,marine,marine,marine
2019_grotenete,ws-F42,51.427986,4.034873,tidal_brackish,tidal_brackish,tidal
2019_grotenete,ws-25A,51.352186,3.781008,tidal_brackish,tidal_brackish,tidal
2019_grotenete,ws-25,51.351926,3.773559,tidal_brackish,tidal_brackish,tidal
2019_grotenete,ws-23,51.3552573,3.7609896,tidal_brackish,tidal_brackish,tidal
2019_grotenete,ws-A5,51.3584544,3.7454284,tidal_brackish,tidal_brackish,tidal
2019_grotenete,ws-A3,51.3655375,3.734487,tidal_brackish,tidal_brackish,tidal
2019_grotenete,ws-A1,51.3724995,3.7229828,tidal_brackish,tidal_brackish,tidal
2019_grotenete,ws-15A,51.3805457,3.717259,tidal_brackish,tidal_brackish,tidal
2019_grotenete,ws-TRAWL,51.437785,3.470347,tidal_brackish,tidal_brackish,tidal
2019_grotenete,ws-53,51.41651283,4.027360624,tidal_brackish,tidal_brackish,tidal
2019_grotenete,ws-11,51.41163,3.70746,tidal_brackish,tidal_brackish,tidal
2019_grotenete,ws-OGDL,51.46395,3.51263,tidal_brackish,tidal_brackish,tidal
2019_grotenete,ws-OG10,51.474675,3.510681,tidal_brackish,tidal_brackish,tidal
2019_grotenete,ws-2C,51.4169613,3.7188079,tidal_brackish,tidal_brackish,tidal
2019_grotenete,bpns-WENDUINEBANKW,51.287167,2.879166667,marine,marine,marine
2019_grotenete,gn-8,51.070653,4.851284,freshwater,freshwater,freshwater
2019_grotenete,bpns-Trapegeer,51.14033333,2.573,marine,marine,marine
2019_grotenete,ws-W7,51.410173,3.454515,tidal_brackish,tidal_brackish,tidal
2019_grotenete,bpns-zbw2,51.359012,3.177194,marine,marine,marine
2019_grotenete,s-4c,51.07363,4.19007,tidal_freshwater,tidal_freshwater,tidal
2019_grotenete,s-4b,51.05593,4.20024,tidal_freshwater,tidal_freshwater,tidal
2019_grotenete,s-4a,51.03203,4.18166,tidal_freshwater,tidal_freshwater,tidal
2019_grotenete,s-5,51.09258,4.17083,tidal_freshwater,tidal_freshwater,tidal
2019_grotenete,bpns-Nauticaena,51.30056,2.869061,marine,marine,marine
2019_grotenete,bpns-Faulbaums,51.33519,2.602486,marine,marine,marine
2019_grotenete,ws-F53,51.41672,4.02487,tidal_brackish,tidal_brackish,tidal
2019_grotenete,ws-12,51.37033,3.7511,tidal_brackish,tidal_brackish,tidal
2019_grotenete,bpns-Whitley,51.15116667,2.660333333,marine,marine,marine
2019_grotenete,ws-25B,51.3805457,3.717259,tidal_brackish,tidal_brackish,tidal
2019_grotenete,ws-14,51.3601518,3.7798113,tidal_brackish,tidal_brackish,tidal
2019_grotenete,ws-PPC,51.3536136,3.7376409,tidal_brackish,tidal_brackish,tidal
2019_grotenete,bpns-WK12,51.461167,3.107,marine,marine,marine
2019_grotenete,ws-DL12,51.466175,3.502181,tidal_brackish,tidal_brackish,tidal
2019_grotenete,bpns-A1BIS,51.361333,2.967,marine,marine,marine
2019_grotenete,ws-DL7,51.471342,3.475013,tidal_brackish,tidal_brackish,tidal
2019_grotenete,bpns-Grafton,51.4064667,2.81851667,marine,marine,marine
2019_grotenete,CP_100m_base,51.5445954,2.9418213,marine,marine,marine
2019_grotenete,rel_grotenete1,51.144779,5.003906,freshwater,freshwater,freshwater
2019_grotenete,rel_grotenete2,51.139997,4.997392,freshwater,freshwater,freshwater
2019_grotenete,rel_grotenete3,51.138881,4.996931,freshwater,freshwater,freshwater
2017_fremur,F1,48.5626481,-2.0795972,freshwater,freshwater,freshwater
2017_fremur,F2,48.56322,-2.0790824,freshwater,freshwater,freshwater
2017_fremur,F3,48.5636697,-2.0788951,freshwater,freshwater,freshwater
2017_fremur,F4,48.5641765,-2.0788492,freshwater,freshwater,freshwater
2017_fremur,F5,48.5645998,-2.0790669,freshwater,freshwater,freshwater
2017_fremur,F6,48.56484265,-2.07960655,freshwater,freshwater,freshwater
2017_fremur,F7,48.5650855,-2.0801462,freshwater,freshwater,freshwater
2017_fremur,F8,48.5653218,-2.0805222,freshwater,freshwater,freshwater
2017_fremur,F9,48.5656499,-2.0810702,freshwater,freshwater,freshwater
2017_fremur,F10,48.5662115,-2.0816408,freshwater,freshwater,freshwater
2017_fremur,F11,48.5671059,-2.0811708,freshwater,freshwater,freshwater
2017_fremur,F12,48.5677951,-2.0814957,freshwater,freshwater,freshwater
2017_fremur,F13,48.5685506,-2.0817457,freshwater,freshwater,freshwater
2017_fremur,F15,48.5697487,-2.0838722,freshwater,freshwater,freshwater
2017_fremur,F14,48.5692092,-2.0827875,freshwater,freshwater,freshwater
2017_fremur,F16,48.570391,-2.0848718,freshwater,freshwater,freshwater
2017_fremur,F17,48.5709197,-2.0859962,freshwater,freshwater,freshwater
2017_fremur,F19,48.5711972,-2.0875173,freshwater,freshwater,freshwater
2017_fremur,F20,48.5710153,-2.0888171,freshwater,freshwater,freshwater
2017_fremur,F18,48.5725315,-2.0845636,freshwater,freshwater,freshwater
2017_fremur,F23,48.5703,-2.0916271,freshwater,freshwater,freshwater
2017_fremur,F22,48.5708606,-2.0903234,freshwater,freshwater,freshwater
2017_fremur,F21,48.572804,-2.0902,freshwater,freshwater,freshwater
2017_fremur,F26,48.570855,-2.094656,freshwater,freshwater,freshwater
2017_fremur,F25,48.5703243,-2.0931643,freshwater,freshwater,freshwater
2017_fremur,F24,48.5663244,-2.0924762,freshwater,freshwater,freshwater
2017_fremur,F27,48.5764351,-2.0978072,freshwater,freshwater,freshwater
2017_fremur,F28,48.5769283,-2.099336,freshwater,freshwater,freshwater
2017_fremur,F29,48.5763816,-2.1022033,freshwater,freshwater,freshwater
2017_fremur,F30,48.5771422,-2.1027529,freshwater,freshwater,freshwater
2017_fremur,F31,48.580934,-2.1078641,freshwater,freshwater,freshwater
2017_fremur,F32,48.582385,-2.1078699,freshwater,freshwater,freshwater
2017_fremur,F33,48.5873987,-2.1203978,freshwater,freshwater,freshwater
2017_fremur,F34,48.5884209,-2.1221963,freshwater,freshwater,freshwater
2017_fremur,rel_fremur,48.5661,-2.0806,freshwater,freshwater,freshwater
2015_phd_verhelst_eel,s-2,51.006648,3.77829,tidal_freshwater,tidal_freshwater,tidal
2015_phd_verhelst_eel,s-Wetteren,51.00164,3.85695,tidal_freshwater,tidal_freshwater,tidal
2015_phd_verhelst_eel,s-Wichelen,51.0168,3.92527,tidal_freshwater,tidal_freshwater,tidal
2015_phd_verhelst_eel,s-2a,51.02032,3.96965,tidal_freshwater,tidal_freshwater,tidal
2015_phd_verhelst_eel,s-3,51.0434,4.04783,tidal_freshwater,tidal_freshwater,tidal
2015_phd_verhelst_eel,s-Dendermonde,51.0362,4.108533,tidal_freshwater,tidal_freshwater,tidal
2015_phd_verhelst_eel,s-4b,51.05593,4.20024,tidal_freshwater,tidal_freshwater,tidal
2015_phd_verhelst_eel,s-4c,51.07363,4.19007,tidal_freshwater,tidal_freshwater,tidal
2015_phd_verhelst_eel,s-6,51.12267069,4.21890556,tidal_freshwater,tidal_freshwater,tidal
2015_phd_verhelst_eel,s-8,51.14319,4.33078,tidal_brackish,tidal_brackish,tidal
2015_phd_verhelst_eel,s-9,51.19069,4.32954,tidal_brackish,tidal_brackish,tidal
2015_phd_verhelst_eel,s-12,51.30305,4.28731,tidal_brackish,tidal_brackish,tidal
2015_phd_verhelst_eel,s-STD3,51.330504,4.270161,tidal_brackish,tidal_brackish,tidal
2015_phd_verhelst_eel,s-7,51.11414,4.24123,tidal_freshwater,tidal_freshwater,tidal
2015_phd_verhelst_eel,s-5,51.09258,4.17083,tidal_freshwater,tidal_freshwater,tidal
2015_phd_verhelst_eel,ak-41,51.239128,4.397469,tidal_brackish,tidal_brackish,tidal
2015_phd_verhelst_eel,s-Vlassenbroek,51.03955,4.16605,tidal_freshwater,tidal_freshwater,tidal
2015_phd_verhelst_eel,s-4a,51.03203,4.18166,tidal_freshwater,tidal_freshwater,tidal
2015_phd_verhelst_eel,s-9a,51.19068,4.33602,tidal_brackish,tidal_brackish,tidal
2015_phd_verhelst_eel,s-8a,51.14222,4.32646,tidal_brackish,tidal_brackish,tidal
2015_phd_verhelst_eel,s-11,51.29646,4.2857,tidal_brackish,tidal_brackish,tidal
2015_phd_verhelst_eel,s-4,51.04231,4.0945,tidal_freshwater,tidal_freshwater,tidal
2015_phd_verhelst_eel,s-10a,51.235423,4.396673,tidal_brackish,tidal_brackish,tidal
2015_phd_verhelst_eel,ak-45,51.280982,4.329702,tidal_brackish,tidal_brackish,tidal
2015_phd_verhelst_eel,ws-53A,51.411167,4.029233,tidal_brackish,tidal_brackish,tidal
2015_phd_verhelst_eel,ws-53,51.41651283,4.027360624,tidal_brackish,tidal_brackish,tidal
2015_phd_verhelst_eel,ws-42A,51.42251303,4.032860596,tidal_brackish,tidal_brackish,tidal
2015_phd_verhelst_eel,ws-18,51.3482621,3.8147323,tidal_brackish,tidal_brackish,tidal
2015_phd_verhelst_eel,ws-25B,51.3465544,3.800172,tidal_brackish,tidal_brackish,tidal
2015_phd_verhelst_eel,ws-16,51.3544901,3.795027,tidal_brackish,tidal_brackish,tidal
2015_phd_verhelst_eel,ws-14,51.3601518,3.7798113,tidal_brackish,tidal_brackish,tidal
2015_phd_verhelst_eel,ws-12A,51.3648799,3.765539,tidal_brackish,tidal_brackish,tidal
2015_phd_verhelst_eel,ws-6,51.3913098,3.7161726,tidal_brackish,tidal_brackish,tidal
2015_phd_verhelst_eel,ws-4,51.3970414,3.7153436,tidal_brackish,tidal_brackish,tidal
2015_phd_verhelst_eel,ws-PVTSS,51.4018055,3.7089134,tidal_brackish,tidal_brackish,tidal
2015_phd_verhelst_eel,ws-DL9,51.465842,3.48868,tidal_brackish,tidal_brackish,tidal
2015_phd_verhelst_eel,ws-DL7,51.471342,3.475013,tidal_brackish,tidal_brackish,tidal
2015_phd_verhelst_eel,ws-55,51.40221,4.02998,tidal_brackish,tidal_brackish,tidal
2015_phd_verhelst_eel,ws-2C,51.4169613,3.7188079,tidal_brackish,tidal_brackish,tidal
2015_phd_verhelst_eel,ws-TRAWL,51.437785,3.470347,tidal_brackish,tidal_brackish,tidal
2015_phd_verhelst_eel,ws-F42,51.42786,4.03246,tidal_brackish,tidal_brackish,tidal
2015_phd_verhelst_eel,ws-HW6,51.43484,4.02702,tidal_brackish,tidal_brackish,tidal
2015_phd_verhelst_eel,ws-11,51.41163,3.70746,tidal_brackish,tidal_brackish,tidal
2015_phd_verhelst_eel,s-1,51.023468,3.78826,tidal_freshwater,tidal_freshwater,tidal
2015_phd_verhelst_eel,ws-OGDL,51.46395,3.51263,tidal_brackish,tidal_brackish,tidal
2015_phd_verhelst_eel,ws-OG10,51.474675,3.510681,tidal_brackish,tidal_brackish,tidal
2015_phd_verhelst_eel,ws-SP3,51.459333,3.4718333,tidal_brackish,tidal_brackish,tidal
2015_phd_verhelst_eel,ws-25A,51.352186,3.781008,tidal_brackish,tidal_brackish,tidal
2015_phd_verhelst_eel,ws-25,51.351926,3.773559,tidal_brackish,tidal_brackish,tidal
2015_phd_verhelst_eel,ws-23,51.3552573,3.7609896,tidal_brackish,tidal_brackish,tidal
2015_phd_verhelst_eel,ws-A5,51.3584544,3.7454284,tidal_brackish,tidal_brackish,tidal
2015_phd_verhelst_eel,ws-PPC,51.3536136,3.7376409,tidal_brackish,tidal_brackish,tidal
2015_phd_verhelst_eel,ws-A3,51.3655375,3.734487,tidal_brackish,tidal_brackish,tidal
2015_phd_verhelst_eel,ws-A1,51.3724995,3.7229828,tidal_brackish,tidal_brackish,tidal
2015_phd_verhelst_eel,ws-15A,51.3805457,3.717259,tidal_brackish,tidal_brackish,tidal
2015_phd_verhelst_eel,ws-15,51.386465,3.7080085,tidal_brackish,tidal_brackish,tidal
2015_phd_verhelst_eel,ws-W6,51.41834,3.453181,tidal_brackish,tidal_brackish,tidal
2015_phd_verhelst_eel,ak-47,51.345793,4.278738,tidal_brackish,tidal_brackish,tidal
2015_phd_verhelst_eel,ws-WN2,51.428174,3.462181,tidal_brackish,tidal_brackish,tidal
2015_phd_verhelst_eel,bpns-WENDUINEBANKW,51.287167,2.879166667,marine,marine,marine
2015_phd_verhelst_eel,bpns-Whitley,51.15116667,2.660333333,marine,marine,marine
2015_phd_verhelst_eel,me-7-2,51.082219,4.366229,tidal_freshwater,tidal_freshwater,tidal
2015_phd_verhelst_eel,M-6,51.05546566,4.442865645,tidal_freshwater,tidal_freshwater,tidal
2015_phd_verhelst_eel,ws-13,51.4071859,3.7080883,tidal_brackish,tidal_brackish,tidal
2015_phd_verhelst_eel,ws-W7,51.410173,3.454515,tidal_brackish,tidal_brackish,tidal
2015_phd_verhelst_eel,bpns-W1,51.391333,3.303666667,marine,marine,marine
2015_phd_verhelst_eel,bpns-Trapegeer,51.14033333,2.573,marine,marine,marine
2015_phd_verhelst_eel,du-Hamveer,51.10507,4.14106,tidal_freshwater,tidal_freshwater,tidal
2015_phd_verhelst_eel,bpns-WK12,51.461167,3.107,marine,marine,marine
2015_phd_verhelst_eel,ws-FZ2,51.42601,4.03575,tidal_brackish,tidal_brackish,tidal
2015_phd_verhelst_eel,bpns-S4,51.417167,3.0475,marine,marine,marine
2015_phd_verhelst_eel,bpns-A1BIS,51.361333,2.967,marine,marine,marine
2015_phd_verhelst_eel,bpns-S7,51.399667,3.173666667,marine,marine,marine
2015_phd_verhelst_eel,bpns-O6,51.243106,2.917725,marine,marine,marine
2015_phd_verhelst_eel,M-4,51.02483717,4.495207458,tidal_freshwater,tidal_freshwater,tidal
2015_phd_verhelst_eel,M-4A,51.025057,4.495476,tidal_freshwater,tidal_freshwater,tidal
2015_phd_verhelst_eel,M-3,51.0229057,4.497271313,freshwater,freshwater,freshwater
2015_phd_verhelst_eel,M-2,51.02082596,4.498485779,freshwater,freshwater,freshwater
2015_phd_verhelst_eel,M-1,51.01136918,4.520968635,freshwater,freshwater,freshwater
2015_phd_verhelst_eel,M-5,51.0340958,4.471940005,tidal_freshwater,tidal_freshwater,tidal
2015_phd_verhelst_eel,s-Dendermonde2,51.036148,4.108625,tidal_freshwater,tidal_freshwater,tidal
2015_phd_verhelst_eel,bpns-KB2,51.350667,2.703666667,marine,marine,marine
2015_phd_verhelst_eel,bpns-middelkerkebank,51.3033,2.7125,marine,marine,marine
2015_phd_verhelst_eel,bpns-nieuwpoortbank,51.1695,2.6015,marine,marine,marine
2015_phd_verhelst_eel,ws-borssele,51.43161667,3.704916667,tidal_brackish,tidal_brackish,tidal
2015_phd_verhelst_eel,PC4C-C05-2,51.667924,2.801819,marine,marine,marine
2015_phd_verhelst_eel,PC4C-C05-9,51.670454,2.801809,marine,marine,marine
2015_phd_verhelst_eel,ws-GVWSP,51.447341,3.470514,tidal_brackish,tidal_brackish,tidal
2015_phd_verhelst_eel,bpns-Cpowerreefballs-CPOD,51.58,2.99549,marine,marine,marine
2015_phd_verhelst_eel,bpns-zbe1,51.364298,3.200701,marine,marine,marine
2015_phd_verhelst_eel,bpns-ZA2,51.3513,3.19883,marine,marine,marine
2015_phd_verhelst_eel,ws-F53,51.41672,4.02487,tidal_brackish,tidal_brackish,tidal
2015_phd_verhelst_eel,bpns-WK14,51.3685,3.262,marine,marine,marine
2015_phd_verhelst_eel,rel_schelde1,51.124754,4.278577,tidal_freshwater,tidal_freshwater,tidal
2015_phd_verhelst_eel,rel_dijle,51.02483717,4.495207458,tidal_freshwater,tidal_freshwater,tidal
2015_phd_verhelst_eel,rel_schelde2,51.03861,4.1177,tidal_freshwater,tidal_freshwater,tidal
2015_phd_verhelst_eel,rel_schelde3,51.019206,3.969569,tidal_freshwater,tidal_freshwater,tidal
2015_phd_verhelst_eel,rel_schelde4,51.046759,4.185935,tidal_freshwater,tidal_freshwater,tidal
2015_phd_verhelst_eel,rel_schelde5,51.006681,3.77807,tidal_freshwater,tidal_freshwater,tidal
2013_stour,stour_1,51.96949,0.97145,freshwater,freshwater,freshwater
2013_stour,stour_2,51.961682,0.993104,freshwater,freshwater,freshwater
2013_stour,stour_3,51.961941,0.993163,freshwater,freshwater,freshwater
2013_stour,stour_4,51.96285,0.994314,freshwater,freshwater,freshwater
2013_stour,stour_5,51.959644,1.0196169,freshwater,freshwater,freshwater
2013_stour,stour_6,51.959032,1.020471,freshwater,freshwater,freshwater
2013_stour,stour_13,51.953715,1.0508453,freshwater,freshwater,freshwater
2013_stour,stour_14,51.956033,1.0575771,freshwater,freshwater,freshwater
2013_stour,stour_17,51.948438,1.0691403,tidal_brackish,tidal_brackish,tidal
2013_stour,stour_18,51.949731,1.1028213,tidal_brackish,tidal_brackish,tidal
2013_stour,stour_19,51.948365,1.1089126,tidal_brackish,tidal_brackish,tidal
2013_stour,stour_20,51.950508,1.1701495,tidal_brackish,tidal_brackish,tidal
2013_stour,stour_23,51.951523,1.2558098,tidal_brackish,tidal_brackish,tidal
2013_stour,stour_24,51.948847,1.2650766,tidal_brackish,tidal_brackish,tidal
2013_stour,stour_25,51.950917,1.2705109,tidal_brackish,tidal_brackish,tidal
2013_stour,stour_15,51.952997,1.053912,tidal_brackish,tidal_brackish,tidal
2013_stour,stour_21,51.953781,1.1725204,tidal_brackish,tidal_brackish,tidal
2013_stour,stour_10,51.954727,1.026006,freshwater,freshwater,freshwater
2013_stour,stour_16,51.955617,1.05831,tidal_brackish,tidal_brackish,tidal
2013_stour,stour_8,51.958792,1.02105,freshwater,freshwater,freshwater
2013_stour,stour_7,51.959042,1.021295,freshwater,freshwater,freshwater
2013_stour,stour_9,51.958462,1.0211455,freshwater,freshwater,freshwater
2013_stour,stour_11,51.955864,1.025804,freshwater,freshwater,freshwater
2013_stour,stour_12,51.956452,1.054645,freshwater,freshwater,freshwater
2013_stour,stour_22,51.950541,1.2363358,tidal_brackish,tidal_brackish,tidal
2013_stour,rel_stour1,51.96949,0.97145,freshwater,freshwater,freshwater
2013_stour,rel_stour2,51.959042,1.021295,freshwater,freshwater,freshwater
2013_albertkanaal,HH5,51.016368,5.233414,freshwater,freshwater,freshwater
2013_albertkanaal,HH6,51.041797,5.21874,freshwater,freshwater,freshwater
2013_albertkanaal,HH7,51.055307,5.208966,freshwater,freshwater,freshwater
2013_albertkanaal,HH8,51.076378,5.170783,freshwater,freshwater,freshwater
2013_albertkanaal,HH9,51.092742,5.137916,freshwater,freshwater,freshwater
2013_albertkanaal,S13,51.097103,5.111644,freshwater,freshwater,freshwater
2013_albertkanaal,S09,51.097162,5.11063,freshwater,freshwater,freshwater
2013_albertkanaal,S12,51.096669,5.111477,freshwater,freshwater,freshwater
2013_albertkanaal,S02,51.096973,5.110242,freshwater,freshwater,freshwater
2013_albertkanaal,S08,51.097872,5.109724,freshwater,freshwater,freshwater
2013_albertkanaal,ak-29,51.096888,5.1133155,freshwater,freshwater,freshwater
2013_albertkanaal,S18,51.097433,5.109707,freshwater,freshwater,freshwater
2013_albertkanaal,S17,51.098163,5.109424,freshwater,freshwater,freshwater
2013_albertkanaal,S16,51.097907,5.109191,freshwater,freshwater,freshwater
2013_albertkanaal,ak-28,51.096684,5.108784,freshwater,freshwater,freshwater
2013_albertkanaal,ak-32,51.098211,5.108959,freshwater,freshwater,freshwater
2013_albertkanaal,ak-33,51.0985513,5.1029468,freshwater,freshwater,freshwater
2013_albertkanaal,HH4,50.99323,5.245137,freshwater,freshwater,freshwater
2013_albertkanaal,S15,51.09763,5.108964,freshwater,freshwater,freshwater
2013_albertkanaal,ak-31,51.097875,5.108846,freshwater,freshwater,freshwater
2013_albertkanaal,HH3,50.973296,5.270083,freshwater,freshwater,freshwater
2013_albertkanaal,HH2,50.965597,5.287241,freshwater,freshwater,freshwater
2013_albertkanaal,HH1,50.941845,5.334551,freshwater,freshwater,freshwater
2013_albertkanaal,ak-30,51.097208,5.109596,freshwater,freshwater,freshwater
2013_albertkanaal,ak-34,51.1282853,5.1413858,freshwater,freshwater,freshwater
2013_albertkanaal,HH10,51.154979,5.147086,freshwater,freshwater,freshwater
2013_albertkanaal,ak-35,51.1576335,4.8653041,freshwater,freshwater,freshwater
2013_albertkanaal,S07,51.096973,5.110242,freshwater,freshwater,freshwater
2013_albertkanaal,S14,51.098103,5.110244,freshwater,freshwater,freshwater
2013_albertkanaal,S10,51.097225,5.110328,freshwater,freshwater,freshwater
2013_albertkanaal,HH11,51.194393,5.155753,freshwater,freshwater,freshwater
2013_albertkanaal,ak-36,51.159335,4.85635,freshwater,freshwater,freshwater
2013_albertkanaal,ak-39,51.2248728,4.544249,freshwater,freshwater,freshwater
2013_albertkanaal,ak-40,51.2281277,4.5332846,freshwater,freshwater,freshwater
2013_albertkanaal,ak-42,51.242076,4.403539,freshwater,freshwater,freshwater
2013_albertkanaal,ak-2,50.618026,5.591871,freshwater,freshwater,freshwater
2013_albertkanaal,ak-3,50.62285,5.580676,freshwater,freshwater,freshwater
2013_albertkanaal,ak-1,50.614739,5.579158,freshwater,freshwater,freshwater
2013_albertkanaal,ak-5,50.627465,5.573548,freshwater,freshwater,freshwater
2013_albertkanaal,ak-4,50.637293,5.580214,freshwater,freshwater,freshwater
2013_albertkanaal,ak-8,50.648447,5.603056,freshwater,freshwater,freshwater
2013_albertkanaal,ak-9,50.650369,5.611382,freshwater,freshwater,freshwater
2013_albertkanaal,ak-10,50.654402,5.622823,freshwater,freshwater,freshwater
2013_albertkanaal,ak-11,50.65697,5.626992,freshwater,freshwater,freshwater
2013_albertkanaal,ak-6,50.633529,5.576963,freshwater,freshwater,freshwater
2013_albertkanaal,ak-7,50.636918,5.585103,freshwater,freshwater,freshwater
2013_albertkanaal,ma-1,50.863936,5.699716,freshwater,freshwater,freshwater
2013_albertkanaal,ma-5,50.882698,5.706716,freshwater,freshwater,freshwater
2013_albertkanaal,ma-2,50.865472,5.697744,freshwater,freshwater,freshwater
2013_albertkanaal,ma-6,51.637577,5.996046,freshwater,freshwater,freshwater
2013_albertkanaal,ma-8,51.636119,5.992666,freshwater,freshwater,freshwater
2013_albertkanaal,ma-9,51.637191,5.993428,freshwater,freshwater,freshwater
2013_albertkanaal,ak-17,50.807726,5.674801,freshwater,freshwater,freshwater
2013_albertkanaal,ak-19,50.8608382,5.6386158,freshwater,freshwater,freshwater
2013_albertkanaal,ak-21,50.8887819,5.5749605,freshwater,freshwater,freshwater
2013_albertkanaal,ak-22,50.9356423,5.4970086,freshwater,freshwater,freshwater
2013_albertkanaal,ma-7,51.637311,5.993471,freshwater,freshwater,freshwater
2013_albertkanaal,ak-23,50.9357743,5.487716,freshwater,freshwater,freshwater
2013_albertkanaal,ak-24,50.9380396,5.4373164,freshwater,freshwater,freshwater
2013_albertkanaal,ak-25,50.9385133,5.4270421,freshwater,freshwater,freshwater
2013_albertkanaal,ak-26,50.9406125,5.3743823,freshwater,freshwater,freshwater
2013_albertkanaal,ak-27,50.9406792,5.3643243,freshwater,freshwater,freshwater
2013_albertkanaal,ak-x,51.097476,5.109196,freshwater,freshwater,freshwater
2013_albertkanaal,ak-14,50.714109,5.672638,freshwater,freshwater,freshwater
2013_albertkanaal,ak-13,50.702052,5.67876,freshwater,freshwater,freshwater
2013_albertkanaal,ak-44,51.273737,4.332208,freshwater,freshwater,freshwater
2013_albertkanaal,ak-47,51.345793,4.278738,tidal_brackish,tidal_brackish,tidal
2013_albertkanaal,s-9,51.19069,4.32954,tidal_brackish,tidal_brackish,tidal
2013_albertkanaal,s-8,51.14319,4.33078,tidal_brackish,tidal_brackish,tidal
2013_albertkanaal,s-7,51.11414,4.24123,tidal_freshwater,tidal_freshwater,tidal
2013_albertkanaal,s-6,51.12287,4.2184,tidal_freshwater,tidal_freshwater,tidal
2013_albertkanaal,ak-46,51.344943,4.290537,freshwater,freshwater,freshwater
2013_albertkanaal,ak-48,51.367743,4.3015,freshwater,freshwater,freshwater
2013_albertkanaal,ws-42A,51.42251303,4.032860596,tidal_brackish,tidal_brackish,tidal
2013_albertkanaal,ws-11,51.41163,3.70746,tidal_brackish,tidal_brackish,tidal
2013_albertkanaal,ma-3,50.959753,5.742085,freshwater,freshwater,freshwater
2013_albertkanaal,ws-53A,51.411167,4.029233,tidal_brackish,tidal_brackish,tidal
2013_albertkanaal,ws-53,51.41651283,4.027360624,tidal_brackish,tidal_brackish,tidal
2013_albertkanaal,ws-TRAWL,51.437785,3.470347,tidal_brackish,tidal_brackish,tidal
2013_albertkanaal,s-11,51.29646,4.2857,tidal_brackish,tidal_brackish,tidal
2013_albertkanaal,s-5,51.09258,4.17083,tidal_freshwater,tidal_freshwater,tidal
2013_albertkanaal,s-4c,51.07363,4.19007,tidal_freshwater,tidal_freshwater,tidal
2013_albertkanaal,s-4b,51.05593,4.20024,tidal_freshwater,tidal_freshwater,tidal
2013_albertkanaal,s-4a,51.03203,4.18166,tidal_freshwater,tidal_freshwater,tidal
2013_albertkanaal,s-4,51.04231,4.0945,tidal_freshwater,tidal_freshwater,tidal
2013_albertkanaal,s-3,51.0434,4.04783,tidal_freshwater,tidal_freshwater,tidal
2013_albertkanaal,s-8a,51.14222,4.32646,tidal_brackish,tidal_brackish,tidal
2013_albertkanaal,s-9a,51.19068,4.33602,tidal_brackish,tidal_brackish,tidal
2013_albertkanaal,ak-45,51.280982,4.329702,tidal_brackish,tidal_brackish,tidal
2013_albertkanaal,ws-55,51.40221,4.02998,tidal_brackish,tidal_brackish,tidal
2013_albertkanaal,ws-16,51.3544901,3.795027,tidal_brackish,tidal_brackish,tidal
2013_albertkanaal,ws-14,51.3601518,3.7798113,tidal_brackish,tidal_brackish,tidal
2013_albertkanaal,ws-12A,51.3648799,3.765539,tidal_brackish,tidal_brackish,tidal
2013_albertkanaal,ws-2C,51.4169613,3.7188079,tidal_brackish,tidal_brackish,tidal
2013_albertkanaal,s-12,51.30305,4.28731,tidal_brackish,tidal_brackish,tidal
2013_albertkanaal,ws-18,51.3482621,3.8147323,tidal_brackish,tidal_brackish,tidal
2013_albertkanaal,ws-25B,51.3465544,3.800172,tidal_brackish,tidal_brackish,tidal
2013_albertkanaal,ws-6,51.3913098,3.7161726,tidal_brackish,tidal_brackish,tidal
2013_albertkanaal,ws-STEEN,51.403409,3.465898,tidal_brackish,tidal_brackish,tidal
2013_albertkanaal,ws-A1,51.3724995,3.7229828,tidal_brackish,tidal_brackish,tidal
2013_albertkanaal,ws-A3,51.3655375,3.734487,tidal_brackish,tidal_brackish,tidal
2013_albertkanaal,ws-HW6,51.43484,4.02702,tidal_brackish,tidal_brackish,tidal
2013_albertkanaal,ws-25,51.351926,3.773559,tidal_brackish,tidal_brackish,tidal
2013_albertkanaal,ws-PPB,51.3536136,3.7376409,tidal_brackish,tidal_brackish,tidal
2013_albertkanaal,ws-23,51.3552573,3.7609896,tidal_brackish,tidal_brackish,tidal
2013_albertkanaal,ws-A5,51.3584544,3.7454284,tidal_brackish,tidal_brackish,tidal
2013_albertkanaal,ws-PVTSS,51.4018055,3.7089134,tidal_brackish,tidal_brackish,tidal
2013_albertkanaal,bpns-D1,51.2325,2.643166667,marine,marine,marine
2013_albertkanaal,bpns-WK12,51.461167,3.107,marine,marine,marine
2013_albertkanaal,S09-2,51.097162,5.11063,freshwater,freshwater,freshwater
2013_albertkanaal,ws-25A,51.352186,3.781008,tidal_brackish,tidal_brackish,tidal
2013_albertkanaal,ws-PPC,51.3536136,3.7376409,tidal_brackish,tidal_brackish,tidal
2013_albertkanaal,ak-41,51.239128,4.397469,tidal_brackish,tidal_brackish,tidal
2013_albertkanaal,ws-SP3,51.459333,3.4718333,tidal_brackish,tidal_brackish,tidal
2013_albertkanaal,ws-WN2,51.428174,3.462181,tidal_brackish,tidal_brackish,tidal
2013_albertkanaal,ws-GVWSP,51.447341,3.470514,tidal_brackish,tidal_brackish,tidal
2013_albertkanaal,zandvlietsluis haven B,51.34458,4.30243,freshwater,freshwater,freshwater
2013_albertkanaal,ak-12,50.657856,5.644622,freshwater,freshwater,freshwater
2013_albertkanaal,bpns-A1BIS,51.361333,2.967,marine,marine,marine
2013_albertkanaal,ws-4,51.3970414,3.7153436,tidal_brackish,tidal_brackish,tidal
2013_albertkanaal,s-10a,51.235423,4.396673,tidal_brackish,tidal_brackish,tidal
2013_albertkanaal,bpns-S4,51.417167,3.0475,marine,marine,marine
2013_albertkanaal,ws-F42,51.42786,4.03246,tidal_brackish,tidal_brackish,tidal
2013_albertkanaal,ws-OGDL,51.46395,3.51263,tidal_brackish,tidal_brackish,tidal
2013_albertkanaal,ws-DL7,51.471342,3.475013,tidal_brackish,tidal_brackish,tidal
2013_albertkanaal,ws-DL9,51.465842,3.48868,tidal_brackish,tidal_brackish,tidal
2013_albertkanaal,s-Vlassenbroek,51.03955,4.16605,tidal_freshwater,tidal_freshwater,tidal
2013_albertkanaal,me-7-2,51.082219,4.366229,tidal_freshwater,tidal_freshwater,tidal
2013_albertkanaal,bpns-Whitley,51.15116667,2.660333333,marine,marine,marine
2013_albertkanaal,rel_albertkanaal2,50.936,5.497,freshwater,freshwater,freshwater
2013_albertkanaal,rel_albertkanaal1,50.614681,5.604782,freshwater,freshwater,freshwater
2013_albertkanaal,rel_albertkanaal3,50.938,5.437,freshwater,freshwater,freshwater
2013_albertkanaal,rel_albertkanaal4,50.941,5.374,freshwater,freshwater,freshwater
2012_leopoldkanaal,bh-31,51.2903715,3.7164467,freshwater,freshwater,freshwater
2012_leopoldkanaal,bh-32,51.3081908,3.7241653,freshwater,freshwater,freshwater
2012_leopoldkanaal,bh-33,51.3134659,3.7321561,freshwater,freshwater,freshwater
2012_leopoldkanaal,bh-35,51.3290957,3.7541909,freshwater,freshwater,freshwater
2012_leopoldkanaal,bh-36,51.3346375,3.7682595,freshwater,freshwater,freshwater
2012_leopoldkanaal,ws-PPC,51.353339,3.7522275,tidal_brackish,tidal_brackish,tidal
2012_leopoldkanaal,ws-PPB,51.3536136,3.7376409,tidal_brackish,tidal_brackish,tidal
2012_leopoldkanaal,bh-34,51.3223102,3.7290976,freshwater,freshwater,freshwater
2012_leopoldkanaal,bh-37,51.3389165,3.7679196,tidal_brackish,tidal_brackish,tidal
2012_leopoldkanaal,ws-23,51.3552573,3.7609896,tidal_brackish,tidal_brackish,tidal
2012_leopoldkanaal,ws-A5,51.3584544,3.7454284,tidal_brackish,tidal_brackish,tidal
2012_leopoldkanaal,ws-A3,51.3655375,3.734487,tidal_brackish,tidal_brackish,tidal
2012_leopoldkanaal,ws-A1,51.3724995,3.7229828,tidal_brackish,tidal_brackish,tidal
2012_leopoldkanaal,ws-15A,51.3805457,3.717259,tidal_brackish,tidal_brackish,tidal
2012_leopoldkanaal,ws-15,51.386465,3.7080085,tidal_brackish,tidal_brackish,tidal
2012_leopoldkanaal,bh-7,51.254878,3.5621802,freshwater,freshwater,freshwater
2012_leopoldkanaal,bh-9,51.2591163,3.5789817,freshwater,freshwater,freshwater
2012_leopoldkanaal,bh-11,51.2627862,3.616269,freshwater,freshwater,freshwater
2012_leopoldkanaal,bh-12,51.2655417,3.6551322,freshwater,freshwater,freshwater
2012_leopoldkanaal,bh-13,51.2664563,3.6608905,freshwater,freshwater,freshwater
2012_leopoldkanaal,bh-6,51.2505032,3.544414,freshwater,freshwater,freshwater
2012_leopoldkanaal,bh-5,51.2503008,3.5426743,freshwater,freshwater,freshwater
2012_leopoldkanaal,bh-1,51.3412021,3.2162872,marine_barrier,freshwater,freshwater
2012_leopoldkanaal,bh-10,51.2596961,3.5803334,freshwater,freshwater,freshwater
2012_leopoldkanaal,bh-8,51.265006,3.5547265,freshwater,freshwater,freshwater
2012_leopoldkanaal,bh-20,51.269978,3.7030611,freshwater,freshwater,freshwater
2012_leopoldkanaal,bh-17,51.2677225,3.6813137,freshwater,freshwater,freshwater
2012_leopoldkanaal,bh-21,51.2701028,3.7117942,freshwater,freshwater,freshwater
2012_leopoldkanaal,bh-22,51.2684107,3.718915,freshwater,freshwater,freshwater
2012_leopoldkanaal,bh-18,51.2666113,3.6865616,freshwater,freshwater,freshwater
2012_leopoldkanaal,ws-25,51.351926,3.773559,tidal_brackish,tidal_brackish,tidal
2012_leopoldkanaal,ws-K,51.3508203,3.7866595,tidal_brackish,tidal_brackish,tidal
2012_leopoldkanaal,ws-25B,51.3465544,3.800172,tidal_brackish,tidal_brackish,tidal
2012_leopoldkanaal,ws-18,51.3482621,3.8147323,tidal_brackish,tidal_brackish,tidal
2012_leopoldkanaal,bh-23,51.2672795,3.7173234,freshwater,freshwater,freshwater
2012_leopoldkanaal,bh-30,51.2448946,3.7481689,freshwater,freshwater,freshwater
2012_leopoldkanaal,bh-29,51.2396828,3.7474982,freshwater,freshwater,freshwater
2012_leopoldkanaal,bh-28,51.2453761,3.7607615,freshwater,freshwater,freshwater
2012_leopoldkanaal,bh-27,51.2574609,3.7637309,freshwater,freshwater,freshwater
2012_leopoldkanaal,bh-25,51.268928,3.7506924,freshwater,freshwater,freshwater
2012_leopoldkanaal,bh-24,51.2719206,3.7319803,freshwater,freshwater,freshwater
2012_leopoldkanaal,bh-2,51.3306565,3.2236553,freshwater,freshwater,freshwater
2012_leopoldkanaal,ws-4,51.3970414,3.7153436,tidal_brackish,tidal_brackish,tidal
2012_leopoldkanaal,ws-PVTSS,51.4018055,3.7089134,tidal_brackish,tidal_brackish,tidal
2012_leopoldkanaal,ws-13,51.4071859,3.7080883,tidal_brackish,tidal_brackish,tidal
2012_leopoldkanaal,ws-6,51.3913098,3.7161726,tidal_brackish,tidal_brackish,tidal
2012_leopoldkanaal,ws-12A,51.3648799,3.765539,tidal_brackish,tidal_brackish,tidal
2012_leopoldkanaal,ws-11,51.41163,3.70746,tidal_brackish,tidal_brackish,tidal
2012_leopoldkanaal,ws-16,51.3544901,3.795027,tidal_brackish,tidal_brackish,tidal
2012_leopoldkanaal,ws-25A,51.352186,3.781008,tidal_brackish,tidal_brackish,tidal
2012_leopoldkanaal,ws-14,51.3601518,3.7798113,tidal_brackish,tidal_brackish,tidal
2012_leopoldkanaal,ws-2C,51.4169613,3.7188079,tidal_brackish,tidal_brackish,tidal
2012_leopoldkanaal,bh-16,51.267064,3.6744238,freshwater,freshwater,freshwater
2012_leopoldkanaal,bh-26,51.2561385,3.7845731,freshwater,freshwater,freshwater
2012_leopoldkanaal,bpns-O6,51.243106,2.917725,marine,marine,marine
2012_leopoldkanaal,bh-14,51.2608054,3.669741,freshwater,freshwater,freshwater
2012_leopoldkanaal,bh-15,51.2602787,3.6691424,freshwater,freshwater,freshwater
2012_leopoldkanaal,rel_leopoldkanaal8,51.26603,3.672103,freshwater,freshwater,freshwater
2012_leopoldkanaal,rel_leopoldkanaal9,51.266644,3.661414,freshwater,freshwater,freshwater
2012_leopoldkanaal,rel_leopoldkanaal1,51.271815,3.712344,freshwater,freshwater,freshwater
2012_leopoldkanaal,rel_leopoldkanaal7,51.270849,3.738884,freshwater,freshwater,freshwater
2012_leopoldkanaal,rel_leopoldkanaal6,51.268459,3.719043,freshwater,freshwater,freshwater
2012_leopoldkanaal,rel_leopoldkanaal3,51.259843,3.578509,freshwater,freshwater,freshwater
2012_leopoldkanaal,rel_leopoldkanaal5,51.245292,3.748107,freshwater,freshwater,freshwater
2012_leopoldkanaal,rel_leopoldkanaal2,51.251645,3.548653,freshwater,freshwater,freshwater
2012_leopoldkanaal,rel_leopoldkanaal4,51.263608,3.628479,freshwater,freshwater,freshwater
2011_loire,99V,47.34226667,-1.25106667,tidal_freshwater,tidal_freshwater,tidal
2011_loire,114R,47.34346667,-1.2504,tidal_freshwater,tidal_freshwater,tidal
2011_loire,74R,47.32935,-1.32191667,tidal_freshwater,tidal_freshwater,tidal
2011_loire,71V,47.3278,-1.32295,tidal_freshwater,tidal_freshwater,tidal
2011_loire,72R,47.3278,-1.3257,tidal_freshwater,tidal_freshwater,tidal
2011_loire,40R,47.27866667,-1.89916667,tidal_brackish,tidal_brackish,tidal
2011_loire,33V,47.27776666,-1.90511666,tidal_brackish,tidal_brackish,tidal
2011_loire,30R,47.29393334,-2.01663334,tidal_brackish,tidal_brackish,tidal
2011_loire,31V,47.2942,-2.02758334,tidal_freshwater,tidal_freshwater,tidal
2011_loire,19V_Mindin,47.27488333,-2.17811667,tidal_freshwater,tidal_freshwater,tidal
2011_loire,17V_Vignettes,47.26625,-2.1881,tidal_freshwater,tidal_freshwater,tidal
2011_loire,46R,47.26436667,-1.42156667,tidal_freshwater,tidal_freshwater,tidal
2011_loire,38R,47.24713333,-1.43838333,tidal_freshwater,tidal_freshwater,tidal
2011_loire,25V,47.24575,-1.43885,tidal_freshwater,tidal_freshwater,tidal
2011_loire,13V,47.23221667,-1.47123333,tidal_freshwater,tidal_freshwater,tidal
2011_loire,StationGIP_Pellerin,47.203825,-1.75758889,tidal_brackish,tidal_brackish,tidal
2011_loire,50R,47.20571667,-1.7579,tidal_brackish,tidal_brackish,tidal
2011_loire,29bisV,47.29875,-2.04523333,tidal_brackish,tidal_brackish,tidal
2011_loire,24bisR,47.28713334,-2.17019999,tidal_brackish,tidal_brackish,tidal
2011_loire,23V,47.28471667,-2.16813334,tidal_brackish,tidal_brackish,tidal
2011_loire,20R_BasseNazaire,47.26900001,-2.19073333,tidal_brackish,tidal_brackish,tidal
2011_loire,18R,47.23335,-1.47186667,tidal_freshwater,tidal_freshwater,tidal
2011_loire,27V_DongesSud,47.3007,-2.06406666,tidal_brackish,tidal_brackish,tidal
2011_loire,Tribord_Basse_Nazaire,47.27075,-2.19381667,tidal_brackish,tidal_brackish,tidal
2011_loire,26R,47.3028,-2.05868333,tidal_brackish,tidal_brackish,tidal
2011_loire,28R,47.30118333,-2.04425,tidal_brackish,tidal_brackish,tidal
2011_loire,85V,47.34021667,-1.29455,tidal_freshwater,tidal_freshwater,tidal
2011_loire,90R,47.34115,-1.2926,tidal_freshwater,tidal_freshwater,tidal
2011_loire,2R,47.20876667,-1.52168333,tidal_freshwater,tidal_freshwater,tidal
2011_loire,rel_loire2,47.3664,-1.173,freshwater,freshwater,freshwater
2011_loire,rel_loire1,47.3403,-1.255,tidal_freshwater,tidal_freshwater,tidal
2011_loire,rel_loire3,47.364211,-1.012256,freshwater,freshwater,freshwater
2011_loire,rel_loire4,47.2828,-1.973,tidal_brackish,tidal_brackish,tidal
nedap_meuse,BenMerwede_BHardinx,51.8163,4.77186,tidal_freshwater,tidal_freshwater,tidal
nedap_meuse,BergscheMaas_CVeer,51.71876,4.98076,freshwater,freshwater,freshwater
nedap_meuse,DeNoord_Kinderdijk,51.86814,4.63877,tidal_freshwater,tidal_freshwater,tidal
nedap_meuse,DKil_s'Gravendeel,51.78401,4.62733,tidal_freshwater,tidal_freshwater,tidal
nedap_meuse,GrensMaas_Bharen_vis,50.86738,5.69726,freshwater,freshwater,freshwater
nedap_meuse,GrensMaas_Itteren,51.13185,5.8415,freshwater,freshwater,freshwater
nedap_meuse,GrensMaas_Sweert,51.13185,5.8415,freshwater,freshwater,freshwater
nedap_meuse,Hartelkanaal_Europoort,51.93726,4.10735,tidal_brackish,tidal_freshwater,tidal
nedap_meuse,HV_Stellendam_noord,51.83465,4.05227,marine_barrier,freshwater,freshwater
nedap_meuse,HV_Stellendam_zuid,51.83102,4.04747,marine_barrier,freshwater,freshwater
nedap_meuse,Maas_Afferden,51.63281,6.00403,freshwater,freshwater,freshwater
nedap_meuse,Maas_Alphen_wkc,51.81115,5.45427,freshwater,freshwater,freshwater
nedap_meuse,Maas_Alphen_wkc_ben,51.81114,5.45302,freshwater,freshwater,freshwater
nedap_meuse,Maas_Balgoij,51.77503,5.71819,freshwater,freshwater,freshwater
nedap_meuse,Maas_Belfeld_bov,51.31526,6.10539,freshwater,freshwater,freshwater
nedap_meuse,Maas_Belfeld_vistrap,51.31965,6.11198,freshwater,freshwater,freshwater
nedap_meuse,Maas_Buggenum,51.23007,5.99471,freshwater,freshwater,freshwater
nedap_meuse,Maas_Grave_bov,51.76128,5.744,freshwater,freshwater,freshwater
nedap_meuse,Maas_Grave_vistrap,51.76632,5.73648,freshwater,freshwater,freshwater
nedap_meuse,Maas_Linne_dorp,51.16075,5.94233,freshwater,freshwater,freshwater
nedap_meuse,Maas_Linne_stuw_ben,51.16767,5.92407,freshwater,freshwater,freshwater
nedap_meuse,Maas_Linne_stuw_bov,51.16765,5.92227,freshwater,freshwater,freshwater
nedap_meuse,Maas_Linne_visgeleiding,51.16678,5.92389,freshwater,freshwater,freshwater
nedap_meuse,Maas_Linne_vistrap,51.16677,5.92151,freshwater,freshwater,freshwater
nedap_meuse,Maas_Linne_wkc,51.16075,5.94233,freshwater,freshwater,freshwater
nedap_meuse,Maas_Linne_wkc_ben,51.16757,5.92424,freshwater,freshwater,freshwater
nedap_meuse,Maas_Lith_dorp,51.81067,5.4323,freshwater,freshwater,freshwater
nedap_meuse,Maas_Lith_stuw_ben,51.81072,5.45221,freshwater,freshwater,freshwater
nedap_meuse,Maas_Lith_vistrap,51.8117,5.45498,freshwater,freshwater,freshwater
nedap_meuse,Maas_Maastricht,50.8626,5.69946,freshwater,freshwater,freshwater
nedap_meuse,Maas_Megen,51.82711,5.56273,freshwater,freshwater,freshwater
nedap_meuse,Maas_Roermond_bov,51.20048,5.98231,freshwater,freshwater,freshwater
nedap_meuse,Maas_Roermond_vistra,51.21042,5.98233,freshwater,freshwater,freshwater
nedap_meuse,Maas_Sambeek,51.64097,5.98515,freshwater,freshwater,freshwater
nedap_meuse,Maas_Sambeek_ben_stu,51.6419,5.98526,freshwater,freshwater,freshwater
nedap_meuse,Maas_Steyl,51.33536,6.11764,freshwater,freshwater,freshwater
nedap_meuse,NieuweWaterweg_Europoort,51.95741,4.15233,tidal_brackish,tidal_freshwater,tidal
nedap_meuse,OudeMaas_Spijkenisse,51.84173,4.41701,tidal_freshwater,tidal_freshwater,tidal
nedap_meuse,Spui_Zuidland,51.80387,4.26537,tidal_freshwater,tidal_freshwater,tidal
nedap_meuse,rel_nedap_meuse,51.10986,5.82025,freshwater,freshwater,freshwater
life4fish,amp_2017_8,50.53231286,5.295921703,freshwater,freshwater,freshwater
life4fish,mon_2017_10,50.65244558,5.6386696,freshwater,freshwater,freshwater
life4fish,and_2017_3,50.49283778,5.069837822,freshwater,freshwater,freshwater
life4fish,gm_2017,50.465997,4.898861,freshwater,freshwater,freshwater
life4fish,amp_2017_9,50.54118273,5.32768533,freshwater,freshwater,freshwater
life4fish,and_2017_5,50.49240683,5.06976097,freshwater,freshwater,freshwater
life4fish,ir_2017_2,50.59305879,5.46090541,freshwater,freshwater,freshwater
life4fish,gm_2017_15,50.46573658,4.89908347,freshwater,freshwater,freshwater
life4fish,gm_2017_13,50.46588563,4.898965461,freshwater,freshwater,freshwater
life4fish,gm_2017_5,50.46619886,4.898794843,freshwater,freshwater,freshwater
life4fish,gm_2017_3,50.46658338,4.899094741,freshwater,freshwater,freshwater
life4fish,gm_2017_16,50.47858264,4.939950417,freshwater,freshwater,freshwater
life4fish,mon_2017_9,50.65099485,5.630450571,freshwater,freshwater,freshwater
life4fish,gm_2017_11,50.46599277,4.898941482,freshwater,freshwater,freshwater
life4fish,mon_2017_3,50.65299572,5.630827617,freshwater,freshwater,freshwater
life4fish,and_2017_7,50.49191847,5.069650004,freshwater,freshwater,freshwater
life4fish,gm_2017_12,50.46599179,4.898708571,freshwater,freshwater,freshwater
life4fish,gm_2017_7,50.46612397,4.898865132,freshwater,freshwater,freshwater
life4fish,gm_2017_8,50.46611505,4.898739338,freshwater,freshwater,freshwater
life4fish,amp_2017_6,50.53334208,5.295971291,freshwater,freshwater,freshwater
life4fish,amp_2017_2,50.53409801,5.296016623,freshwater,freshwater,freshwater
life4fish,and_2017_1,50.49395642,5.070476812,freshwater,freshwater,freshwater
life4fish,and_2017_2,50.49306571,5.069881618,freshwater,freshwater,freshwater
life4fish,mon_2017_7,50.65155875,5.630547011,freshwater,freshwater,freshwater
life4fish,lix_2017_6,50.75150684,5.68759541,freshwater,freshwater,freshwater
life4fish,amp_2017_1,50.53441478,5.29621659,freshwater,freshwater,freshwater
life4fish,gm_2017_1,50.46704382,4.89925783,freshwater,freshwater,freshwater
life4fish,amp_2017_4,50.53380366,5.296184266,freshwater,freshwater,freshwater
life4fish,lix_2017_2,50.7513928,5.685951435,freshwater,freshwater,freshwater
life4fish,lix_2017_4,50.75149,5.686697161,freshwater,freshwater,freshwater
life4fish,lix_2017_3,50.75144734,5.686330833,freshwater,freshwater,freshwater
life4fish,lix_2017_5,50.75153313,5.687080445,freshwater,freshwater,freshwater
life4fish,lix_2017_7,50.75148052,5.688049209,freshwater,freshwater,freshwater
life4fish,gm_2017_14,50.46591982,4.898841055,freshwater,freshwater,freshwater
life4fish,gm_2017_2,50.46683041,4.899184168,freshwater,freshwater,freshwater
life4fish,gm_2017_4,50.46638589,4.898989579,freshwater,freshwater,freshwater
life4fish,gm_2017_9,50.46610781,4.898605127,freshwater,freshwater,freshwater
life4fish,mon_2017,50.651597,5.630614,freshwater,freshwater,freshwater
life4fish,mon_2017_8,50.65128226,5.630493331,freshwater,freshwater,freshwater
life4fish,ir_2017_6,50.59224875,5.460818726,freshwater,freshwater,freshwater
life4fish,lix_2017_8,50.75253076,5.68808461,freshwater,freshwater,freshwater
life4fish,ir_2017_3,50.59291214,5.460950119,freshwater,freshwater,freshwater
life4fish,mon_2017_6,50.65183518,5.630589624,freshwater,freshwater,freshwater
life4fish,ir_2017_5,50.59247385,5.460754501,freshwater,freshwater,freshwater
life4fish,ir_2017_8,50.59177524,5.460913967,freshwater,freshwater,freshwater
life4fish,and_2017_8,50.49379254,5.096080728,freshwater,freshwater,freshwater
life4fish,and_2017_4,50.49261279,5.069802926,freshwater,freshwater,freshwater
life4fish,ir_2017_1,50.59320397,5.460860688,freshwater,freshwater,freshwater
life4fish,ir_2017_21,50.59701569,5.480009455,freshwater,freshwater,freshwater
life4fish,mon_2017_5,50.65212592,5.630629793,freshwater,freshwater,freshwater
life4fish,amp_2017_5,50.5335701,5.296076378,freshwater,freshwater,freshwater
life4fish,mon_2017_2,50.65315174,5.630842568,freshwater,freshwater,freshwater
life4fish,lix_2017_9,50.75653414,5.681601354,freshwater,freshwater,freshwater
life4fish,ir_2017_7,50.59203261,5.460874086,freshwater,freshwater,freshwater
life4fish,amp_2017_3,50.53399485,5.296263513,freshwater,freshwater,freshwater
life4fish,mon_2017_4,50.6528806,5.631018468,freshwater,freshwater,freshwater
life4fish,mon_2017_1,50.65333544,5.630871708,freshwater,freshwater,freshwater
life4fish,gm_2017_6,50.46623552,4.898478805,freshwater,freshwater,freshwater
life4fish,and_2017_6,50.49216855,5.069694099,freshwater,freshwater,freshwater
life4fish,and_2017,50.493017,5.074436,freshwater,freshwater,freshwater
life4fish,ir_2017_16,50.59260806,5.459763639,freshwater,freshwater,freshwater
life4fish,ir_2017_18,50.59259487,5.459553704,freshwater,freshwater,freshwater
life4fish,ir_2017_15,50.59257601,5.45990487,freshwater,freshwater,freshwater
life4fish,ir_2017_12,50.59265081,5.46025749,freshwater,freshwater,freshwater
life4fish,ir_2017_19,50.59251505,5.459474982,freshwater,freshwater,freshwater
life4fish,ir_2017_13,50.59257254,5.460159462,freshwater,freshwater,freshwater
life4fish,ir_2017_17,50.59252039,5.459651957,freshwater,freshwater,freshwater
life4fish,ir_2017_11,50.59261296,5.460451157,freshwater,freshwater,freshwater
life4fish,ir_2017_20,50.59256111,5.45935139,freshwater,freshwater,freshwater
life4fish,ir_2017_10,50.59269224,5.460571763,freshwater,freshwater,freshwater
life4fish,ir_2017_14,50.59262119,5.460014993,freshwater,freshwater,freshwater
life4fish,ir_2017_9,50.59102951,5.46369006,freshwater,freshwater,freshwater
life4fish,ir_2017_4,50.59282067,5.461319949,freshwater,freshwater,freshwater
life4fish,lix_2017_1,50.75133434,5.685585227,freshwater,freshwater,freshwater
life4fish,rel_life4fish1,50.456925,4.865558,freshwater,freshwater,freshwater
life4fish,rel_life4fish2,50.673056,5.645883,freshwater,freshwater,freshwater
life4fish,rel_life4fish3,50.467361,4.925525,freshwater,freshwater,freshwater
life4fish,rel_life4fish5,50.591536,5.469311,freshwater,freshwater,freshwater
life4fish,rel_life4fish4,50.493175,5.079358,freshwater,freshwater,freshwater
life4fish,rel_life4fish6,50.533175,5.307897,freshwater,freshwater,freshwater
